mutant,DMS_score
I364P,0.8102576308289374
A367P,0.913127991879224
S368P,0.8190938409231442
P370G,0.4451223465177831
K371G,0.39484779895119965
S372G,0.762303849587041
Y373L,0.536100112046366
I374D,0.546957205113336
Y375L,0.9394768438980102
R376S,0.31359998825008256
T377G,0.5794179229996121
Q378P,0.7481303739036105
D381E,0.984488094113315
F383L,0.8698565936346906
N385E,0.8238788145599307
G386L,0.969640959352772
W388L,0.8966713385353581
G389L,0.8417952123961817
F396P,0.7473431206019688
E398L,0.9307524899227549
L399G,0.7155100548917465
Y402R,0.9494450129500414
Y403L,0.9223730302879021
Y406L,0.9060048489919237
L407G,0.7515409128374886
K408G,0.952563316944576
L438P,0.9302023412580674
E441L,0.9094250409859101
N443L,0.8921169013240884
N445L,0.8430967752859745
K448L,0.8899704849090297
L452I,0.7679990765889091
W454L,0.7930872384689386
N455L,0.9640977401154851
E457L,0.9747865890385781
T480L,0.777433791799431
N482L,0.9315268647506519
S483L,0.8419813994677213
P485L,0.9244072625332644
N486L,0.9165776049048331
N488P,0.9884952842932547
K490L,0.9072852978365944
P491L,0.982015739946278
S493L,0.8903870351082988
D494L,0.8839959092977892
P495L,0.9609219324122509
I496L,0.9476912991829114
V497P,0.8819406423269165
G498L,0.9340680451619203
W499G,0.5988241118872913
G500L,0.5641922374043643
P501G,0.8646926453572685
S502G,0.9667134379868634
G503S,0.9127022906201028
Y505G,0.987691488597844
F507G,0.9133501426880563
Q508G,0.9375592262345847
A510G,0.9880209394393725
Y511G,0.8320024345596766
L512V,0.9384196160463517
F514G,0.8640455468323004
F515Y,0.9276182913854375
V535G,0.5762553128690673
N536G,0.9769808852684864
H538R,0.7492092594687323
L539V,0.8865735120407258
T548L,0.8910464970999535
L553G,0.9145445048223793
N556G,0.5063348400880837
A557G,0.9355972323996288
T559L,0.9321341476714898
W560L,0.6708631110642348
G561R,0.8881808733657298
F563L,0.8838962996394154
G565E,0.9419241847200683
I569P,0.8124985825228709
Q570L,0.9159636876118797
T572G,0.7662843536529704
V573P,0.8593824426169673
P576G,0.8502800418904317
V577E,0.7620665501400465
S578R,0.8041914901772573
F579G,0.9893948120657502
M580S,0.8875274900375814
W594L,0.8798296390700783
K596E,0.9090022390128002
S602D,0.9218960630296164
I608L,0.9378278213601543
Y610R,0.7463387288951853
N614R,0.7949174918769867
L617P,0.48663004790489983
V618K,0.4412439111353732
N619D,0.8671540655809437
L620G,0.7901375671724871
V621P,0.8741776563072451
D622E,0.7508975764499425
P626L,0.9377296760956931
L627E,0.7413217242232275
D628E,0.9467647147571941
P645L,0.9355158748258954
